﻿pos_x,pos_y,rotation,side,designator,mpn,pack,value,mount_type,place
59.5,27.5,180.0,top,D1,,LED_D5.0mm,LED,tht,True
52.5,27.5,180.0,top,D2,,LED_D5.0mm,LED,tht,True
45.5,27.5,180.0,top,D4,,LED_D5.0mm,LED,tht,True
39.0,27.5,180.0,top,D5,,LED_D5.0mm,LED,tht,True
27.94,2.54,90.0,top,J1,,PinSocket_1x08_P2.54mm_Vertical,Power,tht,True
21.25,33.92,180.0,top,J10,,PinHeader_1x03_P2.54mm_Vertical,Conn_01x03,tht,True
31.0,29.0,0.0,top,J11,,PinHeader_1x02_P2.54mm_Vertical,Conn_01x02,tht,True
26.0,29.0,0.0,top,J12,,PinHeader_1x02_P2.54mm_Vertical,Conn_01x02,tht,True
16.25,33.95,180.0,top,J13,,PinHeader_1x03_P2.54mm_Vertical,Conn_01x03,tht,True
18.796,50.8,90.0,top,J2,,PinSocket_1x10_P2.54mm_Vertical,Digital/PWM,tht,True
50.8,2.54,90.0,top,J3,,PinSocket_1x06_P2.54mm_Vertical,Analog,tht,True
45.72,50.8,90.0,top,J4,,PinSocket_1x08_P2.54mm_Vertical,Digital/PWM,tht,True
6.95,50.55,-90.0,top,J5,,JST_PH_S4B-PH-K_1x04_P2.00mm_Horizontal,Conn_01x04,tht,True
6.95,39.05,-90.0,top,J6,,JST_PH_S4B-PH-K_1x04_P2.00mm_Horizontal,Conn_01x04,tht,True
38.0,18.0,0.0,top,J7,,JST_PH_B2B-PH-K_1x02_P2.00mm_Vertical,Conn_01x02,tht,True
60.0,33.34,180.0,top,J8,,PinSocket_1x06_P2.54mm_Vertical,Conn_01x06,tht,True
61.75,14.46,90.0,top,J9,,Molex_SL_171971-0003_1x03_P2.54mm_Vertical,Conn_01x03,tht,True
15.24,50.8,0.0,top,MH1,,MountingHole_3.2mm,MountingHole_3.2mm,tht,False
13.97,2.54,0.0,top,MH2,,MountingHole_3.2mm,MountingHole_3.2mm,tht,False
66.04,35.56,0.0,top,MH3,,MountingHole_3.2mm,MountingHole_3.2mm,tht,False
66.04,7.62,0.0,top,MH4,,MountingHole_3.2mm,MountingHole_3.2mm,tht,False
56.25,47.12,-90.0,top,R1,,R_Axial_DIN0207_L6.3mm_D2.5mm_P7.62mm_Horizontal,220R,tht,True
52.2,47.12,-90.0,top,R2,,R_Axial_DIN0207_L6.3mm_D2.5mm_P7.62mm_Horizontal,220R,tht,True
48.15,47.12,-90.0,top,R3,,R_Axial_DIN0207_L6.3mm_D2.5mm_P7.62mm_Horizontal,220R,tht,True
44.1,47.12,-90.0,top,R4,,R_Axial_DIN0207_L6.3mm_D2.5mm_P7.62mm_Horizontal,220R,tht,True
40.05,47.12,-90.0,top,R5,,R_Axial_DIN0207_L6.3mm_D2.5mm_P7.62mm_Horizontal,220R,tht,True
36.0,47.12,-90.0,top,R6,,R_Axial_DIN0207_L6.3mm_D2.5mm_P7.62mm_Horizontal,220R,tht,True
51.0,14.5,90.0,top,U1,,XDCR_SSCDANN150PGAA5,SSCDANN150PGAA5,tht,True
