﻿designator,quantity,value,pack,mpn,mount_type
"D1, D2, D4, D5",4,LED,LED_D5.0mm,,tht
J1,1,Power,PinSocket_1x08_P2.54mm_Vertical,,tht
"J10, J13",2,Conn_01x03,PinHeader_1x03_P2.54mm_Vertical,,tht
"J11, J12",2,Conn_01x02,PinHeader_1x02_P2.54mm_Vertical,,tht
J2,1,Digital/PWM,PinSocket_1x10_P2.54mm_Vertical,,tht
J3,1,Analog,PinSocket_1x06_P2.54mm_Vertical,,tht
J4,1,Digital/PWM,PinSocket_1x08_P2.54mm_Vertical,,tht
"J5, J6",2,Conn_01x04,JST_PH_S4B-PH-K_1x04_P2.00mm_Horizontal,,tht
J7,1,Conn_01x02,JST_PH_B2B-PH-K_1x02_P2.00mm_Vertical,,tht
J8,1,Conn_01x06,PinSocket_1x06_P2.54mm_Vertical,,tht
J9,1,Conn_01x03,Molex_SL_171971-0003_1x03_P2.54mm_Vertical,,tht
"MH1, MH2, MH3, MH4",4,MountingHole_3.2mm,MountingHole_3.2mm,,tht
"R1, R2, R3, R4, R5, R6",6,220R,R_Axial_DIN0207_L6.3mm_D2.5mm_P7.62mm_Horizontal,,tht
U1,1,SSCDANN150PGAA5,XDCR_SSCDANN150PGAA5,,tht
